<?xml version="1.0" encoding="UTF-8"?>
<project-private xmlns="http://www.netbeans.org/ns/project-private/1">
    <editor-bookmarks xmlns="http://www.netbeans.org/ns/editor-bookmarks/2" lastBookmarkId="0"/>
    <open-files xmlns="http://www.netbeans.org/ns/projectui-open-files/2">
        <group>
            <file>file:/Users/stewie./Desktop/OOP-Project-main/src/tile/TileManager.java</file>
            <file>file:/Users/stewie./Desktop/OOP-Project-main/src/object/OBJ_Clean.java</file>
            <file>file:/Users/stewie./Desktop/OOP-Project-main/src/object/FullCustomer.java</file>
            <file>file:/Users/stewie./Desktop/OOP-Project-main/src/main/AssetSetter.java</file>
            <file>file:/Users/stewie./Desktop/OOP-Project-main/src/object/SuperObject.java</file>
            <file>file:/Users/stewie./Desktop/OOP-Project-main/src/Timer/CustomerCCooldown.java</file>
            <file>file:/Users/stewie./Desktop/OOP-Project-main/src/Timer/CustomerDCooldown.java</file>
            <file>file:/Users/stewie./Desktop/OOP-Project-main/src/object/ShopnoNoodle.java</file>
            <file>file:/Users/stewie./Desktop/OOP-Project-main/src/entity/Customer.java</file>
            <file>file:/Users/stewie./Desktop/OOP-Project-main/src/object/Table.java</file>
            <file>file:/Users/stewie./Desktop/OOP-Project-main/src/main/KeyHandler.java</file>
            <file>file:/Users/stewie./Desktop/OOP-Project-main/src/entity/Player.java</file>
            <file>file:/Users/stewie./Desktop/OOP-Project-main/src/tile/Tile.java</file>
            <file>file:/Users/stewie./Desktop/OOP-Project-main/src/entity/Entity.java</file>
            <file>file:/Users/stewie./Desktop/OOP-Project-main/src/object/OBJ_Key.java</file>
            <file>file:/Users/stewie./Desktop/OOP-Project-main/src/Timer/tableDCooldown.java</file>
            <file>file:/Users/stewie./Desktop/OOP-Project-main/src/main/Main.java</file>
            <file>file:/Users/stewie./Desktop/OOP-Project-main/src/object/Shop.java</file>
            <file>file:/Users/stewie./Desktop/OOP-Project-main/src/Timer/tableCCooldown.java</file>
            <file>file:/Users/stewie./Desktop/OOP-Project-main/src/Timer/tableBCooldown.java</file>
            <file>file:/Users/stewie./Desktop/OOP-Project-main/src/Timer/tableACooldown.java</file>
            <file>file:/Users/stewie./Desktop/OOP-Project-main/src/Timer/CustomerBCooldown.java</file>
            <file>file:/Users/stewie./Desktop/OOP-Project-main/src/Timer/CustomerACooldown.java</file>
            <file>file:/Users/stewie./Desktop/OOP-Project-main/src/object/TablewithCust.java</file>
            <file>file:/Users/stewie./Desktop/OOP-Project-main/src/main/Sound.java</file>
            <file>file:/Users/stewie./Desktop/OOP-Project-main/src/main/CollisionChecker.java</file>
            <file>file:/Users/stewie./Desktop/OOP-Project-main/src/main/GamePanel.java</file>
        </group>
    </open-files>
</project-private>
